{"classes":["DOWN SYNDROME","OTHER"],"annotations":[["1. I was watching a health documentary, and they mentioned kids with an unusually small head. It struck me because my child has the same. Can you advise? \r",{"entities":[[82,93,"DOWN SYNDROME"]]}],["\r",{"entities":[]}],["2. I've been observing my son and noticed he has decreased or poor muscle tone. Is this a sign of any health issue?\r",{"entities":[[49,79,"DOWN SYNDROME"]]}],["\r",{"entities":[]}],["3. During a school meeting, the teacher pointed out my son's decreased or poor muscle tone. She suggested we see a doctor. What are your thoughts?\r",{"entities":[[61,91,"DOWN SYNDROME"]]}],["\r",{"entities":[]}],["4. I've always felt that my child's spacing between the first and second toes is unusual. Is it something we should look into?\r",{"entities":[[56,89,"DOWN SYNDROME"]]}],["\r",{"entities":[]}],["5. my child seems to have excess skin at the back of the neck. I'm quite concerned about it. Can you provide guidance?\r",{"entities":[[26,62,"DOWN SYNDROME"]]}],["\r",{"entities":[]}],["6. I'm not sure if this is normal, but my daughter shows signs of a flat profile of the face and nose when viewed sideways. Should I be worried?\r",{"entities":[[57,123,"DOWN SYNDROME"]]}],["\r",{"entities":[]}],["7. During a recent family gathering, my cousin pointed out my son's palmar crease (a single line across the palm of the hand, also known as a simian crease). Should I be concerned?\r",{"entities":[[68,156,"DOWN SYNDROME"]]}],["\r",{"entities":[]}],["8. My neighbor's child had small, atypically shaped feet, and they mentioned it was a sign of Down syndrome. I noticed my child has the same. Should I get a check-up?\r",{"entities":[[27,56,"DOWN SYNDROME"]]}],["\r",{"entities":[]}],["9. During a health check-up, the nurse mentioned my child's shorter stature. She suggested I learn more about Down syndrome. Can you help?\r",{"entities":[[60,76,"DOWN SYNDROME"]]}],["\r",{"entities":[]}],["10. My daughter's teacher pointed out her flattened face, especially the bridge of the nose. What do you think?\r",{"entities":[[42,56,"DOWN SYNDROME"],[73,92,"DOWN SYNDROME"]]}],["\r",{"entities":[]}],["11. My neighbor's child had poor muscle tone or loose joints, and they mentioned it was a sign of Down syndrome. I noticed my child has the same. Should I get a check-up?\r",{"entities":[[28,44,"DOWN SYNDROME"],[48,60,"DOWN SYNDROME"]]}],["\r",{"entities":[]}],["12. I recently attended a workshop on genetic conditions, and some of the symptoms they discussed seem to align with what I've observed in my daughter. For instance, her poor muscle tone or loose joints is quite pronounced. She also has distinct small ears, which I haven't seen in many other children. Moreover, her shorter stature and flattened face, especially the bridge of the nose, are also quite noticeable. I'm reaching out to seek guidance and understand if these could be signs of Down syndrome.\r",{"entities":[[170,186,"DOWN SYNDROME"],[190,202,"DOWN SYNDROME"],[237,256,"DOWN SYNDROME"],[317,332,"DOWN SYNDROME"],[337,351,"DOWN SYNDROME"],[368,386,"DOWN SYNDROME"]]}],["\r",{"entities":[]}],["13. I've been doing some reading about Down syndrome, and some of the symptoms mentioned seem to resonate with what I see in my child. She has a clear white spots on the colored part of the eye (Brushfield spots) and a noticeable palmar crease (a single line across the palm of the hand, also known as a simian crease). Her poor muscle tone or loose joints are also hard to miss. I'm writing to understand if these are common indicators of Down syndrome and if I should be taking any steps for further diagnosis.\r",{"entities":[[145,212,"DOWN SYNDROME"],[219,318,"DOWN SYNDROME"],[324,340,"DOWN SYNDROME"],[344,356,"DOWN SYNDROME"]]}],["\r",{"entities":[]}],["14. I see in a child a  small, atypically shaped feet is quite pronounced. She also has a distinct poor muscle tone or loose joints, which I haven't seen in many other children. Moreover, her almond-shaped eyes that slant up and white spots on the colored part of the eye (Brushfield spots) are also quite noticeable. I'm reaching out to seek guidance and understand if these could be signs of Down syndrome.\r",{"entities":[[31,53,"DOWN SYNDROME"],[90,115,"DOWN SYNDROME"],[119,131,"DOWN SYNDROME"],[192,210,"DOWN SYNDROME"],[229,271,"DOWN SYNDROME"],[273,289,"DOWN SYNDROME"]]}],["\r",{"entities":[]}],["15. Flat face and small head and Broad hands with short fingers\r",{"entities":[[4,13,"DOWN SYNDROME"],[18,28,"DOWN SYNDROME"],[33,63,"DOWN SYNDROME"]]}],["\r",{"entities":[]}],["16. loose joints, small ears,Gastrointestinal issues, like constipation\r",{"entities":[[4,16,"DOWN SYNDROME"],[18,28,"DOWN SYNDROME"],[29,52,"DOWN SYNDROME"],[54,71,"DOWN SYNDROME"]]}],["\r",{"entities":[]}],["17. I see my child have depression, sometimes Anxiety.and small head and flat face.what is it?\r",{"entities":[[24,34,"DOWN SYNDROME"],[46,57,"DOWN SYNDROME"],[58,68,"DOWN SYNDROME"],[73,87,"DOWN SYNDROME"]]}],["\r",{"entities":[]}],["18. I'm seeing a Abnormalities in the colored part of the eye in my student. and he has short neck and short fingers and Spacing between the first and second toes\r",{"entities":[[17,61,"DOWN SYNDROME"],[88,98,"DOWN SYNDROME"],[103,116,"DOWN SYNDROME"],[121,162,"DOWN SYNDROME"]]}],["\r",{"entities":[]}],["19. Flat profile of the face and nose when viewed sideways,Unusually small head,Abnormalities in the colored part of the eye,Spacing between the first and second toes\r",{"entities":[[4,58,"DOWN SYNDROME"],[69,79,"DOWN SYNDROME"],[80,124,"DOWN SYNDROME"],[125,166,"DOWN SYNDROME"]]}],["\r",{"entities":[]}],["20. my baby, she has decreased or poor muscle tone. This ok?\r",{"entities":[[13,51,"DOWN SYNDROME"]]}],["\r",{"entities":[]}],["21. He's been showing a lot of anxiety, and often exhibits poor judgment and naive trust in strangers. On top of that, he's been having episodes of depression and also seems to have impulsivity.let me know what is this?\r",{"entities":[[31,38,"DOWN SYNDROME"],[59,72,"DOWN SYNDROME"],[77,102,"DOWN SYNDROME"],[136,158,"DOWN SYNDROME"],[182,197,"DOWN SYNDROME"]]}],["\r",{"entities":[]}],["22. A person who has  been showing a lot of attention deficit hyperactivity disorder (ADHD), and often exhibits depression. On top of that, he's been having episodes of stubbornness or tantrums and also seems to have anxiety. I'm unsure how to handle this.\r",{"entities":[[44,91,"DOWN SYNDROME"],[112,123,"DOWN SYNDROME"],[169,181,"DOWN SYNDROME"],[185,193,"DOWN SYNDROME"],[217,225,"DOWN SYNDROME"]]}],["\r",{"entities":[]}],["23. If a person  showing a lot of anxiety, and often exhibits stubbornness or tantrums. On top of that, he's been having episodes of poor judgment and naive trust in strangers and also seems to have impulsivity. \r",{"entities":[[34,41,"DOWN SYNDROME"],[62,74,"DOWN SYNDROME"],[78,87,"DOWN SYNDROME"],[133,146,"DOWN SYNDROME"],[151,175,"DOWN SYNDROME"],[199,210,"DOWN SYNDROME"]]}],["\r",{"entities":[]}],["24. my daughter's health has taken a turn. She's been mentioning her obstructive sleep apnea, which is a condition where the person’s breathing temporarily stops while asleep, quite frequently and seems to be suffering from hearing loss. On top of that, she's shown symptoms of eye diseases and has been facing challenges related to ear infections. I'm seeking your guidance.\r",{"entities":[[69,92,"DOWN SYNDROME"],[134,174,"DOWN SYNDROME"],[224,237,"DOWN SYNDROME"],[278,290,"DOWN SYNDROME"],[333,348,"DOWN SYNDROME"]]}],["\r",{"entities":[]}],["25. During the past few weeks, I've noticed some concerning symptoms in my child. He's been displaying signs of obstructive sleep apnea, which is a condition where the person’s breathing temporarily stops while asleep, and has been struggling with ear infections. I'm also worried about his recurring eye diseases and the complaints he's had about hearing loss. Should I be concerned?\r",{"entities":[[112,135,"DOWN SYNDROME"],[177,217,"DOWN SYNDROME"],[248,263,"DOWN SYNDROME"],[291,313,"DOWN SYNDROME"],[348,361,"DOWN SYNDROME"]]}],["\r",{"entities":[]}],["26. my daughter's health has taken a turn. She's been mentioning her obstructive sleep apnea, which is a condition where the person’s breathing temporarily stops while asleep, quite frequently and seems to be suffering from eye diseases. On top of that, she's shown symptoms of ear infections and has been facing challenges related to hearing loss\r",{"entities":[[69,92,"DOWN SYNDROME"],[134,174,"DOWN SYNDROME"],[224,237,"DOWN SYNDROME"],[278,292,"DOWN SYNDROME"],[335,347,"DOWN SYNDROME"]]}],["\r",{"entities":[]}],["27. Hello, my daughter seems to have been facing some health challenges. She's been showing signs of hearing loss, and I'm worried because she also seems to have eye diseases.\r",{"entities":[[101,113,"DOWN SYNDROME"],[162,174,"DOWN SYNDROME"]]}],["\r",{"entities":[]}],["28. My sister seems to have been facing some health challenges. She's been showing signs of hearing loss, and I'm worried because she also seems to have eye diseases. Moreover, she's had multiple episodes that resemble obstructive sleep apnea, which is a condition where the person’s breathing temporarily stops while asleep, and has been indicating problems related to ear infections. What should we do?\r",{"entities":[[92,104,"DOWN SYNDROME"],[153,166,"DOWN SYNDROME"],[219,242,"DOWN SYNDROME"],[284,324,"DOWN SYNDROME"],[370,385,"DOWN SYNDROME"]]}],["\r",{"entities":[]}],["29. I've noticed he's been struggling with ear infections. Additionally, he seems to be suffering from eye diseases. I've also observed signs of obstructive sleep apnea, which is a condition where the person’s breathing temporarily stops while asleep, and he's been complaining about issues that sound like hearing loss. Can you advise?\r",{"entities":[[43,58,"DOWN SYNDROME"],[103,116,"DOWN SYNDROME"],[145,168,"DOWN SYNDROME"],[210,250,"DOWN SYNDROME"],[307,320,"DOWN SYNDROME"]]}],["\r",{"entities":[]}],["30. I'm reaching out due to my son's health issues. Lately, he's been complaining about not being able to hear things properly, which seems like hearing loss. At night, I've also noticed that he sometimes stops breathing for short periods, hinting at obstructive sleep apnea, which is a condition where the person’s breathing temporarily stops while asleep.\r",{"entities":[[88,126,"DOWN SYNDROME"],[145,158,"DOWN SYNDROME"],[205,238,"DOWN SYNDROME"],[251,274,"DOWN SYNDROME"],[316,356,"DOWN SYNDROME"]]}],["\r",{"entities":[]}],["31. I've been increasingly worried about my child. Over the past few weeks, I've noticed that he's been struggling to hear things clearly, indicating potential hearing loss. Additionally, during the night, it seems like he has episodes of obstructive sleep apnea, which is a condition where the person’s breathing temporarily stops while asleep. I'm not sure what's causing these, and I'd like some guidance\r",{"entities":[[104,137,"DOWN SYNDROME"],[160,173,"DOWN SYNDROME"],[251,262,"DOWN SYNDROME"],[304,345,"DOWN SYNDROME"]]}],["\r",{"entities":[]}],["32. Over the past month, I've become increasingly concerned about my child's health. She's been showing signs of difficulty in hearing, suggesting hearing loss. Furthermore, her sleep pattern has been disrupted with what appears to be episodes of obstructive sleep apnea, which is a condition where the person’s breathing temporarily stops while asleep. I'm seeking your expertise on this matter\r",{"entities":[[113,134,"DOWN SYNDROME"],[147,160,"DOWN SYNDROME"],[247,270,"DOWN SYNDROME"],[312,353,"DOWN SYNDROME"]]}],["\r",{"entities":[]}],["33. Over the past few weeks, I've noticed that he's been struggling to hear things clearly, pointing to hearing loss. Additionally, during the night, it seems like he has episodes where he stops breathing, indicating obstructive sleep apnea. Physically, I've observed his almond-shaped eyes that slant up and his small head. He also seems to have a short neck and I often see his protruding tongue. I'm not sure what's causing these, and I'd like some guidance.\r",{"entities":[[57,90,"DOWN SYNDROME"],[104,117,"DOWN SYNDROME"],[189,204,"DOWN SYNDROME"],[217,241,"DOWN SYNDROME"],[272,304,"DOWN SYNDROME"],[313,324,"DOWN SYNDROME"],[349,359,"DOWN SYNDROME"],[380,398,"DOWN SYNDROME"]]}],["\r",{"entities":[]}],["34. I'm reaching out due to my son's health issues. Lately, he's been complaining about not being able to hear things properly, which seems like hearing loss. At night, I've also noticed that he sometimes stops breathing, hinting at obstructive sleep apnea. He has distinct almond-shaped eyes that slant up and a small head. Additionally, he has a noticeably short neck and his tongue often sticks out\r",{"entities":[[88,126,"DOWN SYNDROME"],[145,158,"DOWN SYNDROME"],[205,220,"DOWN SYNDROME"],[233,257,"DOWN SYNDROME"],[274,292,"DOWN SYNDROME"],[313,324,"DOWN SYNDROME"],[359,369,"DOWN SYNDROME"],[378,401,"DOWN SYNDROME"]]}],["\r",{"entities":[]}],["35. I'm reaching out due to my son's health issues. Lately, he's been complaining about not being able to hear things properly, indicating hearing loss. At night, I've also noticed episodes where he stops breathing, hinting at obstructive sleep apnea. He has distinct almond-shaped eyes that slant up and a small head. Additionally, he has a short neck and I've observed his protruding tongue more often.\r",{"entities":[[88,126,"DOWN SYNDROME"],[139,152,"DOWN SYNDROME"],[199,214,"DOWN SYNDROME"],[227,251,"DOWN SYNDROME"],[268,300,"DOWN SYNDROME"],[307,318,"DOWN SYNDROME"],[342,352,"DOWN SYNDROME"],[375,392,"DOWN SYNDROME"]]}],["\r",{"entities":[]}],["36. Hello, I've observed some concerning symptoms in my daughter. She's mentioned a few times that she's having difficulty hearing, pointing to hearing loss. Also, she seems to have breathing interruptions while asleep, indicating obstructive sleep apnea. I've also noticed her almond-shaped eyes that slant up and a small head. Additionally, she has a short neck and her tongue often protrudes. Could you provide some insights?\r",{"entities":[[112,130,"DOWN SYNDROME"],[144,157,"DOWN SYNDROME"],[182,218,"DOWN SYNDROME"],[231,255,"DOWN SYNDROME"],[278,296,"DOWN SYNDROME"],[317,328,"DOWN SYNDROME"],[353,363,"DOWN SYNDROME"],[372,395,"DOWN SYNDROME"]]}],["\r",{"entities":[]}],["37. Hello, I've observed some concerning symptoms in my daughter. She's mentioned a few times that she's having difficulty hearing, which makes me think of hearing loss. Additionally, she seems to have episodes where she stops breathing while asleep, resembling obstructive sleep apnea. I've also observed her almond-shaped eyes that slant up and her small head. She also has a short neck and her tongue frequently sticks out.\r",{"entities":[[112,130,"DOWN SYNDROME"],[156,169,"DOWN SYNDROME"],[221,249,"DOWN SYNDROME"],[262,286,"DOWN SYNDROME"],[310,342,"DOWN SYNDROME"],[351,362,"DOWN SYNDROME"],[378,388,"DOWN SYNDROME"],[397,425,"DOWN SYNDROME"]]}],["\r",{"entities":[]}],["38. Doctor, I been worried more about my child. Over weeks, I notice he struggle to hear clear, thinking is hearing loss. In night, seem like he has time when he not breathe, this mean obstructive sleep apnea maybe. I see his eyes like almond and slant up, and head small. He seem have neck short and I see tongue out often. Not sure what cause these, need guidance.\r",{"entities":[[72,94,"DOWN SYNDROME"],[108,121,"DOWN SYNDROME"],[162,173,"DOWN SYNDROME"],[185,208,"DOWN SYNDROME"],[226,255,"DOWN SYNDROME"],[261,272,"DOWN SYNDROME"],[286,296,"DOWN SYNDROME"],[307,324,"DOWN SYNDROME"]]}],["\r",{"entities":[]}],["39. I reach out cause my son's health not good. He complain often not hear right, maybe hearing loss. At nights, I notice he not breathe sometimes, maybe obstructive sleep apnea. He got eyes like almond that slant up and head is small. Also, he got neck that's short and tongue stick out lot. What we do?\r",{"entities":[[66,80,"DOWN SYNDROME"],[88,101,"DOWN SYNDROME"],[125,146,"DOWN SYNDROME"],[154,178,"DOWN SYNDROME"],[186,216,"DOWN SYNDROME"],[221,235,"DOWN SYNDROME"],[249,266,"DOWN SYNDROME"],[271,292,"DOWN SYNDROME"]]}],["\r",{"entities":[]}],["40. I reach cause son health issue. He complain he can't hear good, is hearing loss I think. In night, I see times he not breathe, think is obstructive sleep apnea. He got almond eyes that go up and head small. He also got neck short and I see his tongue out more. What we should do?\r",{"entities":[[51,66,"DOWN SYNDROME"],[71,83,"DOWN SYNDROME"],[109,129,"DOWN SYNDROME"],[140,164,"DOWN SYNDROME"],[172,194,"DOWN SYNDROME"],[199,210,"DOWN SYNDROME"],[223,233,"DOWN SYNDROME"],[248,264,"DOWN SYNDROME"]]}],["\r",{"entities":[]}],["41. Hi, I see symptoms in daughter that worry. She say few time she not hear well, I think hearing loss. She also maybe not breathe when sleep, mean obstructive sleep apnea. I notice her eyes like almond and go up and head seem small. She got neck that's short and tongue come out often. Can you tell more?\r",{"entities":[[68,81,"DOWN SYNDROME"],[91,104,"DOWN SYNDROME"],[124,142,"DOWN SYNDROME"],[149,173,"DOWN SYNDROME"],[187,213,"DOWN SYNDROME"],[218,234,"DOWN SYNDROME"],[243,260,"DOWN SYNDROME"],[265,287,"DOWN SYNDROME"]]}],["\r",{"entities":[]}],["42. Hi, I been see symptoms in daughter. She tell few times she can't hear right, so maybe hearing loss. She also seem stop breathe in sleep, so think obstructive sleep apnea. I also see her eyes almond and go up and her head is small. She also have neck short and tongue out much. What advise you give?\r",{"entities":[[64,80,"DOWN SYNDROME"],[91,104,"DOWN SYNDROME"],[119,140,"DOWN SYNDROME"],[151,175,"DOWN SYNDROME"],[191,212,"DOWN SYNDROME"],[221,235,"DOWN SYNDROME"],[250,260,"DOWN SYNDROME"],[265,281,"DOWN SYNDROME"]]}],["\r",{"entities":[]}],["43. Lately, I've observed some concerning signs in my child. She often mentions difficulty in hearing, indicating potential eye diseases. Moreover, her sleep is disrupted with episodes that hint at hearing loss. She's had a history of heart defects present at birth and has been showing signs of a flat profile of the face and nose when viewed sideways. We were also informed about a possible obstructive sleep apnea. Physically, she has been having ear infections, and her head seems smaller than usual. I've also observed unusually small head features and abnormalities in the colored part of her eyes. There's also noticeable spacing between her first and second toes. Can you advise on this?\r",{"entities":[[80,101,"DOWN SYNDROME"],[114,137,"DOWN SYNDROME"],[152,184,"DOWN SYNDROME"],[198,211,"DOWN SYNDROME"],[235,248,"DOWN SYNDROME"],[298,353,"DOWN SYNDROME"],[393,417,"DOWN SYNDROME"],[450,464,"DOWN SYNDROME"],[474,492,"DOWN SYNDROME"],[534,553,"DOWN SYNDROME"],[558,604,"DOWN SYNDROME"],[629,671,"DOWN SYNDROME"]]}],["\r",{"entities":[]}],["44. I'm reaching out because of my daughter's health. She's mentioned several times that she's struggling with her hearing, suggesting a flat profile of the face and nose when viewed sideways. I've also observed episodes during sleep that resemble ear infections. She's had multiple heart defects since birth and has pointed out issues that sound like spacing between her toes. I've been told she might have eye diseases. Physically, she exhibits signs of obstructive sleep apnea, and her head appears to be smaller than others. I've also noticed abnormalities in the colored part of her eyes. Could you help?\r",{"entities":[[95,122,"DOWN SYNDROME"],[137,192,"DOWN SYNDROME"],[212,233,"DOWN SYNDROME"],[248,263,"DOWN SYNDROME"],[283,296,"DOWN SYNDROME"],[352,377,"DOWN SYNDROME"],[408,421,"DOWN SYNDROME"],[456,479,"DOWN SYNDROME"],[489,515,"DOWN SYNDROME"],[547,593,"DOWN SYNDROME"]]}],["\r",{"entities":[]}],["45. I'm quite worried about my son. He's been complaining about not hearing things clearly, which makes me think he might have eye diseases. Also, during the night, he seems to have moments where he doesn't breathe, pointing to hearing loss. He's been having frequent obstructive sleep apnea episodes and has been indicating challenges that resemble an unusually small head. There's also a concern about a potential flat profile of his face and nose. On observation, I can see abnormalities in the colored part of his eyes, and his head appears to have a spacing between the first and second toes. He's also had heart defects since birth. I'm seeking your advice.\r",{"entities":[[127,140,"DOWN SYNDROME"],[182,214,"DOWN SYNDROME"],[228,241,"DOWN SYNDROME"],[259,300,"DOWN SYNDROME"],[363,374,"DOWN SYNDROME"],[416,450,"DOWN SYNDROME"],[477,522,"DOWN SYNDROME"],[555,597,"DOWN SYNDROME"],[612,625,"DOWN SYNDROME"]]}],["\r",{"entities":[]}],["46. My son has been showing multiple health concerns. He's frequently talked about challenges with hearing, suggesting eye diseases. At nights, I've observed what seems like obstructive sleep apnea. He's also been suffering from repeated ear infections and has been showing signs of abnormalities in the colored part of the eye. We were also alerted about potential heart defects he had at birth. On a physical note, he has a flat profile of the face and nose and his head looks unusually small. There's also clear spacing between his first and second toes. I'm seeking your guidance.\r",{"entities":[[83,106,"DOWN SYNDROME"],[119,132,"DOWN SYNDROME"],[174,198,"DOWN SYNDROME"],[238,252,"DOWN SYNDROME"],[283,328,"DOWN SYNDROME"],[356,379,"DOWN SYNDROME"],[426,459,"DOWN SYNDROME"],[468,495,"DOWN SYNDROME"],[515,557,"DOWN SYNDROME"]]}],["\r",{"entities":[]}],["47. Doctor, I've been so concerned about my child lately. He's been having difficulty hearing things, which makes me think of eye diseases. Additionally, I've noticed at night he sometimes seems to stop breathing, which sounds like obstructive sleep apnea. He's also been having recurring ear infections and has been complaining about abnormalities in the colored part of his eyes. Moreover, I'm worried about heart defects he had since birth, and physically, I see a flat profile of his face and nose. His head seems unusually small, and there's some spacing between his first and second toes that I've noticed. I'm not sure what's causing these, and I'd like some guidance.\r",{"entities":[[75,100,"DOWN SYNDROME"],[126,139,"DOWN SYNDROME"],[198,212,"DOWN SYNDROME"],[232,256,"DOWN SYNDROME"],[279,303,"DOWN SYNDROME"],[335,381,"DOWN SYNDROME"],[410,423,"DOWN SYNDROME"],[468,502,"DOWN SYNDROME"],[507,533,"DOWN SYNDROME"],[552,593,"DOWN SYNDROME"]]}],["\r",{"entities":[]}],["48. Heart defects present at birth,Flat profile of the face and nose when viewed sideways,Unusually small head\r",{"entities":[[4,17,"DOWN SYNDROME"],[35,68,"DOWN SYNDROME"]]}],["\r",{"entities":[]}],["49. Abnormalities in the colored part of the eye,Spacing between the first and second toes,Hearing loss,Obstructive sleep apnea\r",{"entities":[[4,48,"DOWN SYNDROME"],[49,90,"DOWN SYNDROME"],[91,103,"DOWN SYNDROME"],[104,127,"DOWN SYNDROME"]]}],["\r",{"entities":[]}],["50. I see Eye diseases, Small head, Almond-shaped eyes that slant up,Eye diseases.what is this disease?\r",{"entities":[[10,22,"DOWN SYNDROME"],[24,34,"DOWN SYNDROME"],[36,68,"DOWN SYNDROME"],[69,86,"DOWN SYNDROME"]]}],["\r",{"entities":[]}],["\r",{"entities":[]}],["1) I'm reaching out due to some behaviors I've observed in my child. He can't sit in one place without fidgeting. Whether it's during meal times or in the classroom, he has a pronounced inability to stay seated. Outdoors, he's always running or climbing in inappropriate situations, even when it's not appropriate or safe. And it's a challenge to get him to engage in any silent activity at home due to his inability to play quietly. I'm seeking advice on how to manage this.\r",{"entities":[[103,113,"OTHER"],[186,211,"OTHER"],[227,253,"OTHER"],[334,387,"OTHER"],[407,433,"OTHER"]]}],["\r",{"entities":[]}],["2) I've been observing my child's behavior and I've noticed a few things that concern me. Firstly, he's constantly fidgeting with his hands or feet. Whenever we're somewhere he's supposed to sit, like at school assemblies or during meals, there's a clear inability to stay seated. I've also caught him running or climbing in inappropriate situations at the park, even when I've told him it's not safe. Lastly, during playtime, there's a complete inability to play quietly. He's unable to engage in any quiet activities without making a ruckus. I'm unsure how to address these behaviors.\r",{"entities":[[115,148,"OTHER"],[255,280,"OTHER"],[302,349,"OTHER"],[446,472,"OTHER"],[478,518,"OTHER"]]}],["\r",{"entities":[]}],["3) I'm reaching out because I'm becoming increasingly worried about my daughter's actions. She can't seem to keep still, always fidgeting. In class, her teacher often comments about her inability to stay seated. During recess, instead of using the playground equipment properly, she keeps running or climbing in inappropriate situations, which is dangerous. And at home, even when I provide her with coloring books or puzzles, there's an evident inability to play quietly. I'm not sure what's causing this, and I need guidance.\r",{"entities":[[95,119,"OTHER"],[128,138,"OTHER"],[186,211,"OTHER"],[289,336,"OTHER"],[446,472,"OTHER"]]}],["\r",{"entities":[]}],["4) I've been noticing some patterns in my daughter's behavior that are making me anxious. She's always moving, fidgeting no matter where we are. When we go out to restaurants or even during church, there's an evident inability to stay seated. Additionally, she's been running or climbing in inappropriate situations on our visits to the local playground, and it's not like the other kids are doing that. And at home, when I thought she'd enjoy some quiet crafts or legos, there's a total inability to play quietly. I'm not sure how to proceed and need some guidance.\r",{"entities":[[96,109,"OTHER"],[111,120,"OTHER"],[217,242,"OTHER"],[268,287,"OTHER"],[488,514,"OTHER"]]}],["\r",{"entities":[]}],["5) I've been observing my child's behavior and I've noticed a few things that concern me. Firstly, he's constantly fidgeting with his hands or feet. Whenever we're somewhere he's supposed to sit, like at school assemblies or during meals, there's a clear inability to stay seated. I've also caught him running or climbing in inappropriate situations at the park, even when I've told him it's not safe. Lastly, during playtime, there's a complete inability to play quietly. He's unable to engage in any quiet activities without making a ruckus. I'm unsure how to address these behaviors.\r",{"entities":[[115,148,"OTHER"],[255,280,"OTHER"],[302,321,"OTHER"],[446,472,"OTHER"],[478,518,"OTHER"]]}],["\r",{"entities":[]}],["6) I'm reaching out due some behaviors I've observing in my child. He can't sits in one place without fidgeting. When it's meal times or classroom, he having a pronounced inability staying seated. Outdoors, he always running or climbing inappropriate situations, even when not appropriate or safe. And challenge to get him engage in silent activity at home cause his inability play quietly. I'm seek advice how to manage this\r",{"entities":[[102,112,"OTHER"],[171,196,"OTHER"],[217,236,"OTHER"],[302,348,"OTHER"],[367,390,"OTHER"]]}],["\r",{"entities":[]}],["7) I observe my child behavior and noticed things concern me. He constantly fidgeting with hands or foots. Whenever we somewhere he supposed to sit, like school or meals, there a clear inability stay seated. I also caught him running or climbing inappropriate at park, even told him not safe. Last, during playtime, there a complete inability play quiet. He unable do quiet activities without making ruckus. I unsure address these behaviors\r",{"entities":[[76,106,"OTHER"],[185,207,"OTHER"],[226,245,"OTHER"],[333,354,"OTHER"],[358,384,"OTHER"]]}],["\r",{"entities":[]}],["8) I'm reach out cause I getting increasing worried my daughter actions. She can't seem keep still, always fidgeting. In class, teacher often comments her inability stay seated. During recess, instead using playground equipment proper, she keeps running or climbing inappropriate, which danger. And home, even I provide her coloring or puzzles, there evident inability play quiet. I not sure causing this, and need guidance.\r",{"entities":[[77,98,"OTHER"],[107,117,"OTHER"],[155,177,"OTHER"],[246,265,"OTHER"],[359,380,"OTHER"]]}],["\r",{"entities":[]}],["9) I been noticing patterns in daughter behavior making me anxious. She always moving, fidgeting no matter we are. When we go restaurants or church, there evident inability stay seated. Also, she been running or climbing inappropriate visits local playground, not like other kids doing. And home, I thought she'd enjoy quiet crafts or legos, there total inability play quietly. I not sure proceed and need some guidance.\r",{"entities":[[87,96,"OTHER"],[163,185,"OTHER"],[201,220,"OTHER"],[354,377,"OTHER"]]}],["\r",{"entities":[]}],["10) I been observing child behavior and noticed things concern me. He constantly fidgeting with hands or feet. Whenever we somewhere he supposed sit, like school assemblies or meals, there clear inability stay seated. I also caught him running or climbing inappropriate at park, even told him not safe. Last, during playtime, there complete inability play quietly. He unable engaging quiet activities without make ruckus. I unsure address these behavior.\r",{"entities":[[81,110,"OTHER"],[195,217,"OTHER"],[236,255,"OTHER"],[341,364,"OTHER"],[368,400,"OTHER"]]}],["\r",{"entities":[]}],["11) I'm reaching out because my daughter's actions at her playgroup have been drawing attention. She's always talking excessively, which sometimes overshadows the other kids. Whenever a question is posed, she has a habit of blurting out answers before anyone else gets a chance. Even simple tasks like lining up for a game or snack time, she shows difficulty waiting in line. Additionally, when her friends are talking, she tends to interrupting or intruding. I'm unsure how to address this behavior and am looking for advice.\r",{"entities":[[110,129,"OTHER"],[224,244,"OTHER"],[348,375,"OTHER"],[433,459,"OTHER"]]}],["\r",{"entities":[]}],["12) My child's recent behavior at his daycare has me worried. He's talking excessively all the time, often overshadowing his peers. When the caregiver poses a question, he's quick in blurting out answers, not waiting for his turn. During transitions or activities, there's a clear difficulty waiting in line. And while playing, I've observed him interrupting or intruding when his friends are discussing something. I'm looking for ways to address and manage these behaviors\r",{"entities":[[67,86,"OTHER"],[107,131,"OTHER"],[183,203,"OTHER"],[205,230,"OTHER"],[281,308,"OTHER"],[346,371,"OTHER"]]}],["\r",{"entities":[]}],["13) my son's behavior in school has been a bit concerning lately. His teacher mentioned that he's always talking excessively, especially during discussions. He doesn't wait for his turn and keeps blurting out answers during Q&A sessions. When the students line up for lunch or activities, he shows a clear difficulty waiting in line. And during group activities, he often ends up interrupting or intruding on others' conversations. I'm seeking guidance on how to manage this.\r",{"entities":[[98,124,"OTHER"],[160,185,"OTHER"],[196,216,"OTHER"],[306,333,"OTHER"],[380,405,"OTHER"]]}],["\r",{"entities":[]}],["14) Lately, I've observed some patterns in my child's behavior that concern me. He's always talking excessively, even when we're just having family dinners. During our family quiz nights, he keeps blurting out answers, often not letting others finish their thoughts. When we're out in public places, like the zoo or museum, he shows a noticeable difficulty waiting in line. And it's not just limited to us; even with his peers, he has a tendency to interrupting or intruding. I'd appreciate some guidance on this\r",{"entities":[[92,111,"OTHER"],[197,217,"OTHER"],[335,373,"OTHER"],[449,475,"OTHER"]]}],["\r",{"entities":[]}],["15) My child's recent behavior at his daycare has me worried. He's talking excessively all the time, often overshadowing his peers. When the caregiver poses a question, he's quick in blurting out answers, not waiting for his turn. During transitions or activities, there's a clear difficulty waiting in line. And while playing, I've observed him interrupting or intruding when his friends are discussing something. I'm looking for ways to address and manage these behaviors\r",{"entities":[[67,99,"OTHER"],[107,131,"OTHER"],[183,203,"OTHER"],[205,230,"OTHER"],[281,308,"OTHER"],[346,371,"OTHER"]]}],["\r",{"entities":[]}],["16) I've been watching my daughter at her playgroup, and some things stand out. She's often talking excessively, to the point it overshadows others. Questions from the instructor? She's quick with blurting out answers. Lining up for activities shows her difficulty waiting in line. And if friends chat, she's right there, interrupting or intruding. It's becoming a concern, and I need advice.\r",{"entities":[[92,111,"OTHER"],[197,218,"OTHER"],[254,281,"OTHER"],[322,348,"OTHER"]]}],["\r",{"entities":[]}],["17) Concerning my son's daycare behaviors, a few things alarm me. His talking excessively demeanor is prevalent. He doesn't pause; he just blurts out answers to questions. Activities that require queuing? There's a visible difficulty waiting in line. And conversations between his peers? He's always interrupting or intruding. What steps should I take?\r",{"entities":[[70,89,"OTHER"],[116,129,"OTHER"],[139,171,"OTHER"],[223,250,"OTHER"],[300,326,"OTHER"]]}],["\r",{"entities":[]}],["18) Observations of my son at school paint a picture that I'm trying to understand. His talking excessively is hard to miss, especially in group discussions. His habit of blurting out answers to questions stands out. The difficulty waiting in line during line-ups is evident. And, it's hard to ignore his interrupting or intruding during group tasks. Guidance would be appreciated.\r",{"entities":[[88,107,"OTHER"],[171,191,"OTHER"],[221,247,"OTHER"],[305,330,"OTHER"]]}],["\r",{"entities":[]}],["19) A few behaviors of my child, especially at the daycare, have me puzzled. The way he's always talking excessively is hard to overlook. Questions from the caregiver? He's right there blurting out answers. And then there's his difficulty waiting in line when it's activity time. Peer discussions? He doesn't hesitate interrupting or intruding. I'm looking for advice.\r",{"entities":[[97,116,"OTHER"],[185,206,"OTHER"],[228,254,"OTHER"],[318,344,"OTHER"]]}],["\r",{"entities":[]}],["20) My child's actions, particularly at his daycare, raise concerns. His constant talking excessively is a prominent trait. When a question is up for grabs, he's always blurting out answers. Activities requiring orderly queues? He shows difficulty waiting in line. And if there's a group chat, he's often found interrupting or intruding. What's your take on this?\r",{"entities":[[82,101,"OTHER"],[169,190,"OTHER"],[237,264,"OTHER"],[311,337,"OTHER"]]}],["\r",{"entities":[]}],["21) I been watching daughter at playgroup, and some things standout. She often talking too much, point it overshadow others. Question from instructor? She quick blurting out answers. Lining for activities show her difficulty waiting in line. And friends chat, she right there, interrupt or intrude. It becoming concern, need advice\r",{"entities":[[79,95,"OTHER"],[161,182,"OTHER"],[214,241,"OTHER"],[277,298,"OTHER"]]}],["\r",{"entities":[]}],["22) Concerning son's daycare behaviors, things alarm me. His talking too much behavior prevalent. He not pause; he just blurt answers questions. Activities that needing queuing? There visible difficulty wait in line. Conversations his peers? He always interrupt or intrude. \r",{"entities":[[61,77,"OTHER"],[101,110,"OTHER"],[120,133,"OTHER"],[192,216,"OTHER"],[252,272,"OTHER"]]}],["\r",{"entities":[]}],["23) Observations son at school making picture I try understand. His talk much hard miss, especially group discussions. His habit blurting answers to question standout. The difficulty wait in line line-ups evident. And, hard ignore interrupt or intrude group tasks. Guidance appreciated.\r",{"entities":[[68,82,"OTHER"],[129,145,"OTHER"],[172,204,"OTHER"],[231,251,"OTHER"]]}],["\r",{"entities":[]}],["24) Few behaviors child, especially daycare, puzzling me. Way he always talk too much hard overlook. Questions caregiver? He right blurting answers. Then his difficulty wait in line activity time. Peer discussions? He not hesitate interrupt or intrude. I looking advice.\r",{"entities":[[72,85,"OTHER"],[158,181,"OTHER"],[231,252,"OTHER"]]}],["\r",{"entities":[]}],["25) Child actions, particular his daycare, concerns. His constant talking much prominent trait. When question up grabs, he always blurting answers. Activities orderly queues? He show difficulty waiting line. If group chat, he found interrupt or intrude. What your take?\r",{"entities":[[66,78,"OTHER"],[130,147,"OTHER"],[183,207,"OTHER"],[232,253,"OTHER"]]}],["\r",{"entities":[]}],["26) I'm growing concerned about my son's behavior. At home and school, he's constantly fidgeting. During our family meals or when he's doing his homework, there's a clear inability to stay seated. Outdoors, I've noticed him running or climbing in inappropriate situations, especially at the park where it's not safe. And when we're out in public places, like the zoo or museum, his difficulty waiting in line is very evident. To top it all off, he has a tendency of interrupting or intruding when others are speaking, even with his peers. I'm seeking guidance on how to handle this.\r",{"entities":[[87,97,"OTHER"],[171,196,"OTHER"],[224,243,"OTHER"],[382,408,"OTHER"],[466,491,"OTHER"]]}],["\r",{"entities":[]}],["27) Lately, my daughter's actions have been causing some concern. She's always fidgeting, especially during quiet times. Whenever she's supposed to be settled, like during story time or movies, she displays an inability to stay seated. At playgrounds or during neighborhood walks, she has a habit of running or climbing in inappropriate situations. Even simple tasks, like waiting for a turn on the slide or in queues, she shows difficulty waiting in line. And when it comes to group activities or discussions, she's frequently interrupting or intruding. I'd appreciate some advice\r",{"entities":[[79,88,"OTHER"],[210,235,"OTHER"],[300,319,"OTHER"],[429,456,"OTHER"],[528,554,"OTHER"]]}],["\r",{"entities":[]}],["28) My child's behavior has been drawing attention both at home and school. He's constantly fidgeting, making it hard for him to focus. During class or family gatherings, his inability to stay seated is hard to miss. Furthermore, during outdoor activities, he often ends up running or climbing in inappropriate situations, which worries me. And simple things, like waiting for his turn or queuing up, become challenging due to his difficulty waiting in line. Moreover, he has a habit of interrupting or intruding, especially during group tasks. I'm looking for some insights.\r",{"entities":[[92,101,"OTHER"],[175,199,"OTHER"],[274,293,"OTHER"],[431,458,"OTHER"],[487,512,"OTHER"]]}],["\r",{"entities":[]}],["29) I'm reaching out as I've observed some behaviors in my child that I find troubling. She's always fidgeting, even during activities that require focus. When it's time to sit for meals or during lessons, her inability to stay seated stands out. Outdoors, whether at the park or during family outings, she tends to run or climb in inappropriate situations. And whenever there's a need to wait, be it at the doctor's office or the school bus, she has a pronounced difficulty waiting in line. Additionally, during interactions, she often ends up interrupting or intruding. I'd like some guidance.\r",{"entities":[[101,110,"OTHER"],[210,234,"OTHER"],[316,328,"OTHER"],[464,491,"OTHER"],[545,571,"OTHER"]]}],["\r",{"entities":[]}],["30) Doctor, I've been noticing some behaviors in my son that have been causing concern. He's always fidgeting, whether he's reading or doing his chores. In environments where he needs to be seated, like the classroom or church, there's a clear inability to stay seated. And on many occasions outdoors, I've observed him running or climbing in inappropriate situations, which is not always safe. Simple daily routines, like waiting in line at the grocery store, become a challenge due to his difficulty waiting in line. And to make matters more complicated, he tends to interrupting or intruding during conversations. What should we do?\r",{"entities":[[100,109,"OTHER"],[244,269,"OTHER"],[320,339,"OTHER"],[491,518,"OTHER"],[569,594,"OTHER"]]}],["\r",{"entities":[]}],["31) I'm becoming increasingly concerned about my son's conduct. He is always fidgeting at home and at school. There is a definite difficulty to stay seated during our family dinners or while he is doing his schoolwork. Outside, I've witnessed him running or climbing in dangerous circumstances, particularly in the park. And when we're in public areas, such as the zoo or a museum, his difficulties waiting in line is obvious. To top it all off, even among his peers, he has a habit of interrupting or invading while others are speaking. I'm looking for advice on how to approach this.\r",{"entities":[[77,86,"OTHER"],[130,155,"OTHER"],[247,266,"OTHER"],[386,414,"OTHER"],[486,510,"OTHER"]]}],["\r",{"entities":[]}],["32) I'm contacting you because of certain behaviors I've noticed in my youngster. He can't sit still without squirming. He has a severe struggle to sit still, whether at mealtimes or in the classroom. Outside, he is always running or climbing in improper places, even though it is not acceptable or safe to do so. Because of his incapacity to play quietly, it's difficult to convince him to participate in any silent activity at home. I'm looking for advise on how to handle this.\r",{"entities":[[85,100,"OTHER"],[223,242,"OTHER"],[329,355,"OTHER"],[362,425,"OTHER"]]}],["\r",{"entities":[]}],["33) I'm reaching out because I'm becoming increasingly concerned about my daughter's activities. She can't seem to sit still and is always squirming. In class, the teacher frequently remarks on her difficulty to remain sitting. During recess, instead of using suitable playground equipment, she continues to run or climb in an unsafe manner. And at home, even when I supply her with coloring books or puzzles, she clearly lacks the capacity to play quietly. I'm not sure what's causing this and would appreciate any advice.\r",{"entities":[[101,124,"OTHER"],[198,227,"OTHER"],[308,320,"OTHER"],[422,457,"OTHER"]]}],["\r",{"entities":[]}],["34) A few of my child's habits, particularly in daycare, perplex me. Overlook the way he constantly talks too much. Do you have any concerns, caregiver? He just blurted out responses. Then it was time for his unpleasant wait in line activities. What about peer discussions? He is not afraid to interrupt or invade. I'm searching for guidance.\r",{"entities":[[89,115,"OTHER"],[161,183,"OTHER"],[209,232,"OTHER"],[294,314,"OTHER"]]}],["\r",{"entities":[]}],["35) Blurting out answers,Difficulty waiting in line,Interrupting or intruding\r",{"entities":[[4,24,"OTHER"],[25,51,"OTHER"],[52,77,"OTHER"]]}],["\r",{"entities":[]}],["36) I'm reaching out because I've noticed some unusual behaviors in my child. Lately, there have been noticeable variations in muscle tone. Additionally, while playing with other children, it became evident that he has stiff muscles and exaggerated reflexes. What's also puzzling is his stiff muscles with normal reflexes when he tries to grab toys. I'm concerned and seeking some guidance on these observations\r",{"entities":[[113,139,"OTHER"],[219,258,"OTHER"],[287,321,"OTHER"]]}],["\r",{"entities":[]}],["37) I've observed certain traits in my daughter that have me worried. During her playtime, there's a clear variation in muscle tone. When I tried some basic reflex tests with her, I detected stiff muscles and exaggerated reflexes. And on certain days, she shows stiff muscles with normal reflexes, especially when she's trying to use her crayons. What do you think might be the cause?\r",{"entities":[[107,132,"OTHER"],[191,230,"OTHER"],[262,296,"OTHER"]]}],["\r",{"entities":[]}],["38) Over the past few weeks, my son has been exhibiting some behaviors that I find concerning. I've seen significant variations in muscle tone, especially during our evening routines. While playing catch, his stiff muscles and exaggerated reflexes became quite evident. Also, during meal times, there's an unmistakable presence of stiff muscles with normal reflexes. I'm looking for insights on these signs.\r",{"entities":[[117,142,"OTHER"],[209,247,"OTHER"],[331,366,"OTHER"]]}],["\r",{"entities":[]}],["39) I've been monitoring my daughter's actions, and a few things seem off. Firstly, there's her variations in muscle tone, which is hard to miss. During our family games, her stiff muscles and exaggerated reflexes are quite prominent. And on some occasions, she displays stiff muscles with normal reflexes, especially when she's drawing or coloring. I'd appreciate any advice or suggestions on these observations.\r",{"entities":[[96,121,"OTHER"],[175,213,"OTHER"],[271,305,"OTHER"]]}],["\r",{"entities":[]}],["40) My child's recent behavior has raised some alarms. He frequently shows variations in muscle tone, more so during his bedtime routine. While interacting with his siblings, it's evident he has stiff muscles and exaggerated reflexes. And sometimes, when he's building with his blocks, he exhibits stiff muscles with normal reflexes. I'm keen to understand what might be causing these symptoms.\r",{"entities":[[75,100,"OTHER"],[195,234,"OTHER"],[289,333,"OTHER"]]}],["\r",{"entities":[]}],["41) Doctor, my son has been exhibiting some behaviors that are causing concern. Recently, I've observed slow, writhing movements in his limbs, especially when he's trying to reach for things. He also seems to struggle with fine motor tasks, like buttoning his shirt or tying his shoelaces. Additionally, I've noticed he's been having speech problems, often stuttering or having difficulty pronouncing certain words. I'm keen on understanding what might be causing these issues.\r",{"entities":[[104,141,"OTHER"],[209,239,"OTHER"],[334,349,"OTHER"],[378,415,"OTHER"]]}],["\r",{"entities":[]}],["42) Lately, my daughter has been displaying some movements that I find peculiar. She often has slow, writhing movements, particularly when she's relaxed. When it comes to tasks that require precision, like coloring within the lines or using scissors, she faces difficulty with fine motor tasks. What worries me further is her speech problems, as she sometimes slurs her words or struggles to get her sentences out. I'd appreciate any insights or advice on these observations.\r",{"entities":[[95,119,"OTHER"],[261,294,"OTHER"],[326,341,"OTHER"],[360,375,"OTHER"],[379,409,"OTHER"]]}],["\r",{"entities":[]}],["43) I've been monitoring my child's actions, especially during his playtime. One thing that stands out is his slow, writhing movements, which seem involuntary. When he tries to engage in activities that involve hand-eye coordination, like stacking blocks or threading beads, I've observed a noticeable difficulty with fine motor tasks. Moreover, he's been having speech problems, often hesitating before speaking or repeating syllables. I'm seeking guidance on what might be the underlying cause.\r",{"entities":[[110,134,"OTHER"],[302,335,"OTHER"],[363,378,"OTHER"],[386,412,"OTHER"]]}],["\r",{"entities":[]}],["44) My daughter's recent behavior has raised some concerns. She's been having these slow, writhing movements, especially when she's idle or daydreaming. Simple tasks that her peers can do, like fastening buttons or using a pencil, seem to present a challenge due to her difficulty with fine motor tasks. To add to my worry, she's also been displaying speech problems, sometimes mumbling or not articulating her words clearly. I'm keen to get some advice on these symptoms.\r",{"entities":[[84,108,"OTHER"],[270,303,"OTHER"],[340,366,"OTHER"],[378,416,"OTHER"]]}],["\r",{"entities":[]}],["45) During the past few months, I've noticed some changes in my son's movements. He often has these slow, writhing movements, more so when he's trying to focus on something. Activities that involve dexterity, like writing or crafting, are becoming challenging for him due to a noticeable difficulty with fine motor tasks. Additionally, his speech problems are becoming more evident, as he sometimes stammers or can't find the right words. I'd like to understand what might be causing these challenges.\r",{"entities":[[100,124,"OTHER"],[288,321,"OTHER"],[340,355,"OTHER"],[399,438,"OTHER"]]}],["\r",{"entities":[]}],["46) Doctor, my son been showing behaviors that causing me worry. Recently, he do slow, writhing movements, especially when try to reach things. He also seem struggle with tasks that need fine motor, like button shirt or tying shoe. Also, I notice he have speech problems, he stutter or difficult saying some words. Wanting understand what causing these.\r",{"entities":[[81,105,"OTHER"],[157,197,"OTHER"],[255,270,"OTHER"],[275,314,"OTHER"]]}],["\r",{"entities":[]}],["47) Lately, daughter been showing some movements I find strange. She often have slow, writhing movements, especially when she relaxed. When come to tasks need precision, like color inside lines or use scissors, she face difficulty in fine motor tasks. What worry me more her speech problems, she sometimes slur words or struggle get words out. Appreciate insights or advice this.\r",{"entities":[[80,104,"OTHER"],[220,251,"OTHER"],[275,290,"OTHER"],[306,343,"OTHER"]]}],["\r",{"entities":[]}],["48) I watching child actions, during playtime especially. One thing standing out, his slow, writhing movements, seem not on purpose. When he try activities need hand-eye thing, like stack blocks or threading beads, I see difficulty with fine motor tasks. Also, he having speech problems, often pause before talk or say same syllables again. Seeking advice what cause might be.\r",{"entities":[[86,110,"OTHER"],[221,254,"OTHER"],[271,286,"OTHER"],[294,311,"OTHER"]]}],["\r",{"entities":[]}],["49) Daughter recent actions making me concerned. She having slow, writhing movements, more when she idle or think deep. Simple tasks her friends do, like fasten buttons or use pencil, look hard cause difficulty with fine motor tasks. To add worry, she also showing speech problems, she mumble or not clear words. Want get advice these symptoms.\r",{"entities":[[60,84,"OTHER"],[200,233,"OTHER"],[265,280,"OTHER"],[286,312,"OTHER"]]}],["\r",{"entities":[]}],["50) Past months, I notice changes in son movements. He do slow, writhing movements, more when try focus. Activities need careful hand use, like write or craft, seem hard for him cause difficulty with fine motor tasks. Also, his speech problems more clear, he sometimes can't talk straight or find right words. Like to know what cause these problems.\r",{"entities":[[58,82,"OTHER"],[184,217,"OTHER"],[228,243,"OTHER"],[269,309,"OTHER"]]}],["",{"entities":[]}]]}